"Genus","Species","Picture","Photo Title","Photo Caption","Photographer","Suggested Common Name","Photo Locality","Text","Identification","Description","Distribution","Ecology","Size","Depth","Reference"
"Aplidium","falklandicum","Aplidium1.jpg","Aplidium falklandicum ","None","David Barnes","None","Elephant Is. (AP)","*","Mercedes Varela","*","*","*","*","*","*"
"Ascidia","challengeri","Ascidia1.jpg","Ascidia challengeri        ","None","Ricardo Sahade","None","King George Is (AP)","Ascidiatext.doc","Riccardo Sahade","Ascidia1.txt","Ascidia2.txt","Ascidia3.txt","Ascidia4.txt","Ascidia5.txt","Ascidia6.txt"
"Ascidia","challengeri","Ascidia2.jpg","Ascidia challengeri        ","None","David Barnes","None","Elephant Is. (AP)","Ascidiatext.doc","Riccardo Sahade","*","*","*","*","*","*"
"Ascidia ","sp","Ascidia1.sp.jpg","Ascidia sp","None","David Barnes","None","Falkland Trough","*","Riccardo Sahade","*","*","*","*","*","*"
"Cnemidocarpa","verrucosa","Cnemidocarpa1.jpg","Cnemidocarpa verrucosa","None","Simon Brockington","Common Antarctic sea squirt","Ryder Bay (WAP)","Cnemidocarpatext.doc","Riccardo Sahade","Cnemidocarpa1.txt","Cnemidocarpa2.txt","Cnemidocarpa3.txt","Cnemidocarpa4.txt","Cnemidocarpa5.txt","Cnemidocarpa6.txt"
"Cnemidocarpa","verrucosa","Cnemidocarpa2.jpg","Cnemidocarpa verrucosa","None","Simon Brockington","Common Antarctic sea squirt","Ryder Bay (WAP)","Cnemidocarpatext.doc","Riccardo Sahade","Cnemidocarpa1.txt","Cnemidocarpa2.txt","Cnemidocarpa3.txt","Cnemidocarpa4.txt","Cnemidocarpa5.txt","Cnemidocarpa6.txt"
"Corella","eumyota","Corella1.jpg","Corella eumyota    ","None","Ricardo Sahade","None","King George Is (AP)","Corellatext.doc","Riccardo Sahade","Corella1.txt","Corella2.txt","Corella3.txt","Corela4.txt","Corella5.txt","*"
"Didemnidae ","sp","*","Didemnidae sp.","None","*","None","South Orkney Is. (Scotia arc)","Didemnidae.sp.text","Riccardo Sahade","Didemnidae1.txt","Didemnidae2.txt","Didemnidae3.txt","Didemnidae4.txt","Didemnidae5.txt","*"
"Molgula","pedunculata","Molgula1.ped.jpg","Molgula pedunculata    ","None","Simon Brockington","Tall sea squirt","Ryder Bay (WAP)","Molgula.ped.text.doc","Riccardo Sahade","Molgula.ped1.txt","Molgula.ped.2.txt","Molgula.ped3.txt","Molgula.ped4.txt","Molgula.ped5.txt","Molgula.ped6.txt"
"Molgula","pedunculata","Molgula2.ped.jpg","Molgula pedunculata    ","None","Simon Brockington","Tall sea squirt","Ryder Bay (WAP)","Molgula.ped.text.doc","Riccardo Sahade","Molgula.ped1.txt","Molgula.ped.2.txt","Molgula.ped3.txt","Molgula.ped4.txt","Molgula.ped5.txt","Molgula.ped6.txt"
"Molgula","enodis","Molgula1.eno.jpg","Molgula enodis    ","None","David Barnes","None","Ryder Bay (WAP)","Molgula.eno.text.doc","Riccardo Sahade","Molgula.eno1.txt","Molgula.eno2,txt","Molgula.eno3.txt","Molgula.eno4.txt","Molgula.eno5.txt","Molgula.eno6.txt"
"Pareugyrioides","arnbackae","Pareugyrioides1.jpg","Pareugyrioides arnbackae ","None","David Barnes","None","Elephant Is. (AP)","*","Mercedes Varela","*","*","*","*","*","*"
"Polycitor","sp","*","Polycitor sp.  ","None","*","None","*","Polycito.text.doc","Riccardo Sahade","Polycitor1.txt","Polycitor2.txt","Polycitor3.txt","Polycitor4.txt","Polycitor5.txt","*"
"Polyclinidae ","sp.","Polyclinidae1.jpg","Polyclinidae sp","None","David Barnes","None","Elephant Is. (AP)","*","Mercedes Varela","*","*","*","*","*","*"
"Pyura","discoveryi","Pyura1.dis.jpg","Pyura discoveryi     ","None","Simon Brockington","None","Ryder Bay (WAP)","Pyura.dis.text.doc","Riccardo Sahade","Pyura.dis1.txt","Pyura.dis2.txt","Pyura.dis3.txt","Pyura.dis4.txt","Pyura.dis5.txt","Pyura.dis6.txt"
"Pyura","obesa","Pyura1.obe.jpg","Pyura obesa     ","None","Ricardo Sahade","Obese sea squirt","King George Is (AP)","Pyura.obe.text.doc","Riccardo Sahade","Pyura.obe1.txt","Pyura.obe2.txt","Pyura.obe3.txt","Pyura.obe4.txt","Pyura.obe5.txt","Pyura.obe6.txt"
"Pyura","setosa","Pyura1.set.jpg","Pyura setosa     ","None","David Barnes","Hairy sea squirt","Ryder Bay (WAP)","Pyura.set.text.doc","Riccardo Sahade","Pyura.set1.txt","Pyura.set2.txt","Pyura.set3.txt","Pyura.set4.txt","Pyura.set5.txt","Pyura.set6.txt"
"Styela","wandeli","Styela1.jpg","Styela wandeli     ","None","David Barnes","None","Ryder Bay (WAP)","Styelatext.doc","Riccardo Sahade","Styela1.txt","Styela2.txt","Styela3.txt","Styela4.txt","Styela5.txt","Styela6.txt"
"Styela","wandeli","Styela2.jpg","Styela wandeli     ","None","David Barnes","None","Deception Is (AP)","Styelatext.doc","Mercedes Varela","Styela1.txt","Styela2.txt","Styela3.txt","Styela4.txt","Styela5.txt","Styela6.txt"
"Sycozoa","sigillinoides","Sycozoa1.jpg","Sycozoa sigillinoides    ","None","David Barnes","Common stalked sea squirt","Ryder Bay (WAP)","Sycozoatext.doc","Riccardo Sahade","Sycozoa1.txt","Sycozoa2.txt","Sycozoa3.txt","Sycozoa4.txt","Sycozoa5.txt","*"
"Synoicum","adareanum","*","Synoicum adareanum    ","None","*","None","*","Synoicumtext.doc","Riccardo Sahade","Synoicum1.txt","Synoicum2.txt","Synoicum3.txt","Synoicum4.txt","Synoicum5.txt","*"
