"Genus","Species","Picture","Photo Title","Photo Caption","Photographer","Suggested Common Name","Photo Locality","Text","Identification","Description","Known Distribution","Ecology","Size","Depth","Reference"
"Adelieledone","polymorpha","Adelieledone1.jpg","Adelieledone polymorpha","None","*","None","*","*","Louise Allcock","*","*","*","*","*","*"
"Aegires","albus","Aegires1.jpg","Aegires albus ","From 300 m","David Barnes","None","South Orkney I. (Scotia arc)","*","Katrin Linse","*","*","*","*","*","*"
"Aforia","magnifica","Aforia1.jpg","Aforia magnifica ","None","David Barnes","None","Livingstone I. (AP)","*","Katrin Linse","*","*","*","*","*","*"
"Amauropsis","rossiana","Amauropsis1.jpg","Amauropsis rossiana ","None","David Barnes","None","Elephant I.","*","Katrin Linse","*","*","*","*","*","*"
"Antarctoneptunea","rossiana","Antarctoneptunea1.jpg","Antarctoneptunea aurora ","None","David Barnes","None","Shag Rocks (Scotia arc)","*","Katrin Linse","*","*","*","*","*","*"
"Aulacomya","ater","Aulacomya1.jpg","Aulacomya ater ","Dorsal","David Barnes","None","Strait of Magellan, Chile","*","Katrin Linse","*","*","*","*","*","*"
"Aulacomya","ater","Aulacomya2.jpg","Aulacomya ater ","Ventral","David Barnes","None","Strait of Magellan, Chile","*","Katrin Linse","*","*","*","*","*","*"
"Austrodoris","kerguelenensis","Austrodoris1.jpg","Austrodoris kerguelenensis","None","Stefan Hain","None","South Orkney I. (Scotia arc)","*","Stefan Hain","*","*","*","*","*","*"
"Bathydomus","longisetus","Bathydomus1.lon.jpg","Bathydomus longisetus ","From 1000 m depth","Peter Enderlein","None","Falkland Trough","*","Katrin Linse","*","*","*","*","*","*"
"Bathydomus","obtecta","Bathydomus1.obt.jpg","Bathydomus obtecta","From 1000 m depth","David Barnes","None","South Orkney I. (Scotia arc)","*","Katrin Linse","*","*","*","*","*","*"
"Benthooctopus","levis","Benthoctopus1.jpg","Benthoctopus levis","None","Mike Vicchione","None","BAS","*","Louise Allcock","*","*","*","*","*","*"
"Bulbus","carcellesi","Bulbus1.jpg","Bulbus carcellesi","None","David Barnes","None","Strait of Magellan, Chile","*","Katrin Linse","*","*","*","*","*","*"
"Bulbus","carcellesi","Bulbus2.jpg","Bulbus carcellesi","None","David Barnes","None","Strait of Magellan, Chile","*","Katrin Linse","*","*","*","*","*","*"
"Charcotia","granulosa","Charcotia1.jpg","Charcotia granulosa","None","Stefan Hain","None","South Orkney I. (Scotia arc)","*","Stefan Hain","*","*","*","*","*","*"
"Chiton","sp.","Chiton1.jpg","Chiton sp.","Grazing Chiton","Simon Brockington","None","South Cove, Rothera","*","Katrin Linse","*","*","*","*","*","*"
"Chlanidota","signeyana","Chlanidota1.jpg","Chlanidota signeyana","None","Stefan Hain","None","South Orkney I. (Scotia arc)","*","Stefan Hain","*","*","*","*","*","*"
"Chlanidota","signeyana","Chlanidota2.jpg","Chlanidota signeyana","None","David Barnes","None","Elephant I.","*","Katrin Linse","*","*","*","*","*","*"
"Clione","sp.","Clione1.jpg","Clione sp.","None","BAS","None","Ryder Bay (WAP)","*","Katrin Linse","*","*","*","*","*","*"
"Crepidula","dilatata","Crepidula1.jpg","Crepidula dilatata","Ventral","BAS","None","Strait of Magellan, Chile","*","Katrin Linse","*","*","*","*","*","*"
"Crepidula","dilatata","Crepidula2.jpg","Crepidula dilatata","Ventral","BAS","None","Strait of Magellan, Chile","*","Katrin Linse","*","*","*","*","*","*"
"Cuthona ","sp.","Cuthona1.jpg","Cuthona sp.","None","Stefan Hain","None","South Orkney I. (Scotia arc)","*","Stefan Hain","*","*","*","*","*","*"
"Cyamiomactra","robusta","Cyamiomactra1.jpg","Cyamiomactra robusta ","From 500 m","David Barnes","None","Elephant I.","*","Katrin Linse","*","*","*","*","*","*"
"Cyclocardia","astartoides","Cyclocardia1.jpg","Cyclocardia astartoides ","None","David Barnes","None","Elephant I.","*","Katrin Linse","*","*","*","*","*","*"
"Cyclocardia","astartoides","Cyclocardia2.jpg","Cyclocardia astartoides ","Ventral","BAS","None","Elephant Island, AGT 4 JR 144","*","Katrin Linse","*","*","*","*","*","*"
"Cyclocardia","astartoides","Cyclocardia3.jpg","Cyclocardia astartoides ","Dorsal","BAS","None","Elephant Island, AGT 4 JR 144","*","Katrin Linse","*","*","*","*","*","*"
"Genus","Species","Picture","Photo Title","Photo Caption","Photographer","Suggested Common Name","Photo Locality","Text","Identification","Description","Known Distribution","Ecology","Size","Depth","Reference"
"Ensis ","macha","Ensis1.jpg","Ensis macha","Ventral","BAS","None","Strait of Magellan, Chile","*","Katrin Linse","*","*","*","*","*","*"
"Ensis ","macha","Ensis2.jpg","Ensis macha","Dorsal","BAS","None","Strait of Magellan, Chile","*","Katrin Linse","*","*","*","*","*","*"
"Eurhomalea","exalbida","Eurhomalea1.jpg","Eurhomalea exalbida","Dorsal","BAS","None","Strait of Magellan, Chile","*","Katrin Linse","*","*","*","*","*","*"
"Eurhomalea","exalbida","Eurhomalea2.jpg","Eurhomalea exalbida","Ventral","BAS","None","Strait of Magellan, Chile","*","Katrin Linse","*","*","*","*","*","*"
"Fissurella","picta","Fissurella1.jpg","Fissurella picta","Dorsal","BAS","None","Strait of Magellan, Chile","*","Katrin Linse","*","*","*","*","*","*"
"Fissurella","picta","Fissurella2.jpg","Fissurella picta","Ventral","BAS","None","Strait of Magellan, Chile","*","Katrin Linse","*","*","*","*","*","*"
"Harpovoluta","charcoti","Harpovoluta1.jpg","Harpovoluta charcoti ","None","David Barnes","None","Elephant I.","*","Katrin Linse","*","*","*","*","*","*"
"Iothia ","coppingeri","Iothia1.jpg","Iothia coppingeri","None","Stefan Hain","None","South Orkney I. (Scotia arc)","*","Stefan Hain","*","*","*","*","*","*"
"Kerguelenatica","bioperculata","Kerguelenatica1.jpg","Kerguelenatica bioperculata","None","Stefan Hain","None","South Orkney I. (Scotia arc)","*","Stefan Hain","*","*","*","*","*","*"
"Laevilacumaria ","antarctica","Laevilacumaria1.jpg","Laevilacumaria antarctica ","None","Stefan Hain","None","South Orkney I. (Scotia arc)","*","Stefan Hain","*","*","*","*","*","*"
"Laevilittorina","caliginosa","Laevilittorina1.jpg","Laevilittorina caliginosa ","None","Stefan Hain","None","South Orkney I. (Scotia arc)","*","Stefan Hain","*","*","*","*","*","*"
"Limancia","sp.","Limancia.1.jpg","Limancia sp.","None","BAS","None","Ryder Bay (WAP)","*","Katrin Linse","*","*","*","*","*","*"
"Limatula ","hodgsoni","Limatula1.hod.jpg","Limatula hodgsoni ","From 1500 m (slope)","David Barnes","None","Elephant I.","*","Katrin Linse","*","*","*","*","*","*"
"Limatula ","hodgsoni","Limatula2.hod.jpg","Limatula hodgsoni ","Dorsal","BAS","None","Weddell Sea","*","Katrin Linse","*","*","*","*","*","*"
"Limatula ","hodgsoni","Limatula3.hod.jpg","Limatula hodgsoni ","Ventral","BAS","None","Weddell Sea","*","Katrin Linse","*","*","*","*","*","*"
"Limatula ","ovalis","Limatula1.ova.jpg","Limatula ovalis","None","BAS","None","Weddell Sea","*","Katrin Linse","*","*","*","*","*","*"
"Limatula ","pygmaea","Limatula1.pyg.jpg","Limatula pygmaea","None","BAS","None","Strait of Magellan, Chile","*","Katrin Linse","*","*","*","*","*","*"
"Limatula ","simillima","Limatula1.sim.jpg","Limatula simillima","None","BAS","None","Weddell Sea","*","Katrin Linse","*","*","*","*","*","*"
"Limposis","lilliei ","Limposis1.lil.jpg","Limopsis lilliei ","None","David Barnes","None","*","*","Katrin Linse","*","*","*","*","*","*"
"Limposis","marionensis","Limposis1.mar.jpg","Limposis marionensis ","Dorsal","David Barnes","None","South Orkney I. (Scotia arc)","*","Katrin Linse","*","*","*","*","*","*"
"Limposis","marionensis","Limposis2.mar.,jpg","Limposis marionensis ","Ventral","David Barnes","None","Deception I. (AP)","*","Katrin Linse","*","*","*","*","*","*"
"Limposis","marionensis","Limposis3.mar.,jpg","Limposis marionensis ","Dorsal","BAS","None","Powell Basin, AGT 3 Jr 144","*","Katrin Linse","*","*","*","*","*","*"
"Limposis","marionensis","Limposis4.mar.,jpg","Limposis marionensis ","Ventral","BAS","None","Powell Basin, AGT 3 Jr 144","*","Katrin Linse","*","*","*","*","*","*"
"Malletia","sabrina","Malletia1.jpg","Malletia sabrina","None","David Barnes","None","Deception I. (AP)","*","Katrin Linse","*","*","*","*","*","*"
"Margella","sp.","Margella1.jpg","Margella sp.","None","Stefan Hain","None","South Orkney I. (Scotia arc)","*","Katrin Linse","*","*","*","*","*","*"
"Marseniopsis ","antarctica","Marseniopsis1.ant.jpg","Marseniopsis antarctica","None","Dave Barnes","None","Ryder Bay (WAP)","Marseniopsistext.doc","Katrin Linse","Marseniopsis1.txt","*","*","*","*","*"
"Genus","Species","Picture","Photo Title","Photo Caption","Photographer","Suggested Common Name","Photo Locality","Text","Identification","Description","Known Distribution","Ecology","Size","Depth","Reference"
"Marseniopsis ","mollis","Marseniopsis1.mol.jpg","Marseniopsis mollis","None","BAS","None","Ryder Bay (WAP)","Marseniopsistext.doc","Katrin Linse","Marseniopsis1.txt","*","*","*","*","*"
"Marseniopsis ","sp.","Marseniopsis1.sp.jpg","Marseniopsis sp.","None","Dave Barnes","None","Deception I. (AP)","Marseniopsistext.doc","Katrin Linse","Marseniopsis1.txt","*","*","*","*","*"
"Marseniopsis ","sp.","Marseniopsis2.sp.jpg","Marseniopsis sp.","None","Jeremy Colman","None","Lab, Signy Island, South Orkney Island","Marseniopsistext.doc","Katrin Linse","Marseniopsis1.txt","*","*","*","*","*"
"Miomelon","turnerae","Miomelon1.jpg","Miomelon turnerae","From 1000 m depth","David Barnes","None","South Orkney I. (Scotia arc)","*","Katrin Linse","*","*","*","*","*","*"
"Mulinia","edulis","Mulvnia1.jpg","Mulinia edulis","Dorsal","BAS","None","Strait of Magellan, Chile","*","Katrin Linse","*","*","*","*","*","*"
"Mulinia","edulis","Mulvnia2.jpg","Mulinia edulis","Ventral","BAS","None","Strait of Magellan, Chile","*","Katrin Linse","*","*","*","*","*","*"
"Nacella","concinna","Nacella1.jpg","Nacella Concinna ","None","BAS","None","South Orkney I. (Scotia arc)","Nacellatext.doc","Katrin Linse","Nacella1.txt","Nacella2.txt","Nacella3.txt","Nacella4.txt","Nacella5.txt","Nacella6.txt"
"Nacella","concinna","Nacella2.jpg","Nacella Concinna ","Limpet Spawning","*","None","*","Nacellatext.doc","Katrin Linse","Nacella1.txt","Nacella2.txt","Nacella3.txt","Nacella4.txt","Nacella5.txt","Nacella6.txt"
"Nacella","concinna","Nacella3.jpg","Nacella Concinna ","Grazing Limpet","Simon Brockington","None","South Cove, Rothera","Nacellatext.doc","Katrin Linse","Nacella1.txt","Nacella2.txt","Nacella3.txt","Nacella4.txt","Nacella5.txt","Nacella6.txt"
"Nacella","concinna","Nacella4.jpg","Nacella Concinna ","Limpet Spawning","Greg Wilkinson","None","Factory Cove, Signy ","Nacellatext.doc","Katrin Linse","Nacella1.txt","Nacella2.txt","Nacella3.txt","Nacella4.txt","Nacella5.txt","Nacella6.txt"
"Natica","grisea","Natica1.jpg","Natica grisea","None","Stefan Hain","None","South Orkney I. (Scotia arc)","*","Katrin Linse","*","*","*","*","*","*"
"Neobuccinum","eatoni","Neobuccinum1.jpg","Neobuccinum eatoni","None","Stefan Hain","None","South Orkney I. (Scotia arc)","*","Katrin Linse","*","*","*","*","*","*"
"Neobuccinum","eatoni","Neobuccinum2.jpg","Neobuccinum eatoni","None","David Barnes","None","Ryder Bay (WAP)","*","Katrin Linse","*","*","*","*","*","*"
"Notaeolidia","depressa","Notaeolidae1.dep.jpg","Notaeolidia depressa ","None","BAS","None","Ryder Bay (WAP)","*","Katrin Linse","*","*","*","*","*","*"
"Notaeolidia","gigas","Notaeolidae1.gig.jpg","Notaeolidia gigas","None","Stefan Hain","None","South Orkney I. (Scotia arc)","Notaeolidiatext.doc","Stefan Hain","Notaeolidia1.txt","Notaeolidia2.txt","Notaeolidia3.txt","Notaeolidia4.txt","Notaeolidia5.txt","*"
"Notaeolidia","subgigas","Notaeolidae1.sub.jpg","Notaeolidia subgigas","None","Simon Brockington","None","South Orkney I. (Scotia arc)","*","Katrin Linse","*","*","*","*","*","*"
"Notaeolidia","subgigas","Notaeolidae2.sub.jpg","Notaeolidia subgigas","Dorsal","Jeremy Colman","None","Bare Rock, Signy, S. Orkney Island","*","Katrin Linse","*","*","*","*","*","*"
"Nothoadmete","tumida","Nothoadmete1.jpg","Nothoadmete tumida ","None","Stefan Hain","None","South Orkney I. (Scotia arc)","*","Katrin Linse","*","*","*","*","*","*"
"Nuttalochiton ","mirandus","Nuttalochiton1.jpg","Nuttalochiton mirandus","None","David Barnes","None","Deception I. (AP)","Chitontext.doc","Katrin Linse","Chiton1.txt","*","Chiton3.txt","Chiton4.txt","Chiton5.txt","*"
"Nuttalochiton ","mirandus","Nuttalochiton2.jpg","Nuttalochiton mirandus","None","Stefan Hain","None","South Orkney I. (Scotia arc)","Chitontext.doc","Katrin Linse","Chiton1.txt","*","Chiton3.txt","Chiton4.txt","Chiton5.txt","*"
"Opisthobranchia","sp.","Opisthobranchia1.jpg","Unknown Opisthobranch sp.","None","BAS","None","South Georgia","*","Katrin Linse","*","*","*","*","*","*"
"Opisthobranchia","sp.","Opisthobranchia2.jpg","Unknown Opisthobranch sp.","None","BAS","None","South Georgia","*","Katrin Linse","*","*","*","*","*","*"
"Genus","Species","Picture","Photo Title","Photo Caption","Photographer","Suggested Common Name","Photo Locality","Text","Identification","Description","Known Distribution","Ecology","Size","Depth","Reference"
"Paraledone","aequipapillae","Paraledone1.aeq.jpg","Paraledone aequipapillae","None","Louise Allcock","None","R.V. Polarstern Station","*","Louise Allcock","*","*","*","*","*","*"
"Paraledone","albimaculata","Paraledone1.alb.jpg","Paraledone albimaculata","None","Uwa Piatkowski","None","R.V. Polarstern Station","*","Louise Allcock","*","*","*","*","*","*"
"Paraledone","aurata","Paraledone1.aur.jpg","Paraledone aurata","None","Louise Allcock","None","R.V. Polarstern Station","*","Louise Allcock","*","*","*","*","*","*"
"Paraledone","charcoti","Paraledone1.cha.jpg","Paraledone charoti","None","Louise Allcock","None","R.V. Polarstern Station","*","Louise Allcock","*","*","*","*","*","*"
"Paraledone","cornuta","Paraledone1.cor.jpg","Paraledone cornuta","None","Louise Allcock","None","R.V. Polarstern Station","*","Louise Allcock","*","*","*","*","*","*"
"Paraledone","felix","Paraledone1.fel.jpg","Paraledone felix","None","Mike Vicchione","None","BAS","*","Louise Allcock","*","*","*","*","*","*"
"Paraledone","panchroma","Paraledone1.pan.jpg","Paraledone panchroma","None","Louise Allcock","None","R.V. Polarstern Station","*","Louise Allcock","*","*","*","*","*","*"
"Paraledone","seperastrata","Paraledone1.sep.jpg","Paraledone seperastrata","None","Louise Allcock","None","R.V. Polarstern Station","*","Louise Allcock","*","*","*","*","*","*"
"Paraledone","subtilis","Paraledone1.sub.jpg","Paraledone subtilis","None","Louise Allcock","None","R.V. Polarstern Station","*","Louise Allcock","*","*","*","*","*","*"
"Pareledone","turqueti","Pareledone1.tur.jpg","Pareledone turqueti ","Out of Water","*","None","*","*","Louise Allcock","*","*","*","*","*","*"
"Pareledone","turqueti","Pareledone2.tur.jpg","Pareledone turqueti ","In Water","David Barnes","None","South Orkney I. (Scotia arc)","*","Louise Allcock","*","*","*","*","*","*"
"Pareledone","turqueti","Pareledone3.tur.jpg","Pareledone turqueti ","None","Louise Allock","None","BAS","*","Louise Allcock","*","*","*","*","*","*"
"Pecten","sp.","Pecten1.jpg","Adamussium colbecki","None","BAS","None","Ryder Bay (WAP)","*","Katrin Linse","*","*","*","*","*","*"
"Pellilitorina","pellida","Pellilitorina1.pel.jpg","Pellilitorina pellida","None","Stefan Hain","None","South Orkney I. (Scotia arc)","*","Stefan Hain","*","*","*","*","*","*"
"Pellilitorina","pellida","Pellilitorina2.pel.jpg","Pellilitorina pellida","None","Stefan Hain","None","South Orkney I. (Scotia arc)","*","Stefan Hain","*","*","*","*","*","*"
"Pellilitorina","setosa","Pellilitorina1.set.jpg","Pellilitorina setosa","None","Stefan Hain","None","South Orkney I. (Scotia arc)","*","Stefan Hain","*","*","*","*","*","*"
"Pellilitorina","setosa","Pellilitorina2.set.jpg","Pellilitorina setosa","None","Stefan Hain","None","South Orkney I. (Scotia arc)","*","Stefan Hain","*","*","*","*","*","*"
"Philine","alata","Philine1.ala.jpg","Philine alata ","None","David Barnes","None","Deception I. (AP)","*","Katrin Linse","*","*","*","*","*","*"
"Philine","gibba","Philine1.gib.jpg","Philine gibba","None","Stefan Hain","None","South Orkney I. (Scotia arc)","*","Stefan Hain","*","*","*","*","*","*"
"Philobrya","sublaevis","Philobrya1.jpg","Philobrya sublaevis","Dorsal","David Barnes","None","Weddell Sea","*","Katrin Linse","*","*","*","*","*","*"
"Philobrya","sublaevis","Philobrya2.jpg","Philobrya sublaevis","Ventral","David Barnes","None","Weddell Sea","*","Katrin Linse","*","*","*","*","*","*"
"Pontiothauma","erguta","Pontiothauma1.jpg","Pontiothauma ergata ","From 1000 m depth","David Barnes","None","Elephant I.","*","Katrin Linse","*","*","*","*","*","*"
"Propeleda","longicaudata","Propeleda1.jpg","Propeleda longicaudata ","None","David Barnes","None","Livingstone I. (AP)","*","Katrin Linse","*","*","*","*","*","*"
"Prosipho","sp.","Prosipho1.jpg","Prosipho sp.","None","Stefan Hain","None","South Orkney I. (Scotia arc)","*","Stefan Hain","*","*","*","*","*","*"
"Pseudotritonia","gracilidens","Pseudotritonia1.jpg","Pseudotritonia gracilidens ","None","David Barnes","None","South Orkney I. (Scotia arc)","*","Katrin Linse","*","*","*","*","*","*"
"Pseudotritonia","gracilidens","Pseudotritonia2.jpg","Pseudotritonia gracilidens ","None","David Barnes","None","South Orkney I. (Scotia arc)","*","Katrin Linse","*","*","*","*","*","*"
"Genus","Species","Picture","Photo Title","Photo Caption","Photographer","Suggested Common Name","Photo Locality","Text","Identification","Description","Known Distribution","Ecology","Size","Depth","Reference"
"Siphonodentalium","dali","Siphonodentalium1.jpg","Siphonodentalium dali","None","Dave Barnes","None","Livingstone I. (AP)","*","Katrin Linse","*","*","*","*","*","*"
"Slozarcykovia","circumantarctica","Slozarcykovia1.jpg","Slozarcykovia circumantarctica","None","*","None","*","*","Louise Allcock","*","*","*","*","*","*"
"Solenogastres ","sp.","Solenogastres1.jpg","Solenogastres sp.","None","Stefan Hain","None","South Orkney I. (Scotia arc)","*","Stefan Hain","*","*","*","*","*","*"
"Thaumeledone","gunter","Thaumeledone1.gun.jpg","Thaumeledone gunter","None","Inigo Everson","None","BAS","*","Louise Allcock","*","*","*","*","*","*"
"Thaumeledone","peninsulae","Thaumeledone1.pen.jpg","Thaumeledone peninsulae","None","David Barnes","None","South Orkney I. (Scotia arc)","*","Louise Allcock","*","*","*","*","*","*"
"Thracia","meridionalis","Thracia1.jpg","Thracia meridionalis","None","David Barnes","None","Weddell Sea","*","Katrin Linse","*","*","*","*","*","*"
"Thracia","meridionalis","Thracia2.jpg","Thracia meridionalis","None","David Barnes","None","Weddell Sea","*","Katrin Linse","*","*","*","*","*","*"
"Tritonia","antarctica","Tritonia1.ant.jpg","Tritonia antarctica","None","David Barnes","None","South Orkney I. (Scotia arc)","*","Katrin Linse","*","*","*","*","*","*"
"Tritonia","sp.","Tritonia1.sp.jpg","Tritonia sp.","None","Jeremy Colman","None","Bare Rock, Signy Islna, S. Orkney Island","*","Katrin Linse","*","*","*","*","*","*"
"Tritoniella","belli","Tritoniella1.jpg","Tritoniella belli","None","David Barnes","None","South Orkney I. (Scotia arc)","Tritoniellatext.doc","Katrin Linse","Tritoniella1.txt","Tritoniella2.txt","Tritoniella3.txt","Tritoniella4.txt","Tritoniella5.txt","*"
"Tritoniella","belli","Tritoniella2.jpg","Tritoniella belli","None","David Barnes","None","Deception I. (AP)","Tritoniellatext.doc","Katrin Linse","Tritoniella1.txt","Tritoniella2.txt","Tritoniella3.txt","Tritoniella4.txt","Tritoniella5.txt","*"
"Trochita","pileus","Trochita1.jpg","Trochita pileus","Dorsal","David Barnes","None","Strait of Magellan, Chile","*","Katrin Linse","*","*","*","*","*","*"
"Trochita","pileus","Trochita2.jpg","Trochita pileus","Ventral","David Barnes","None","Strait of Magellan, Chile","*","Katrin Linse","*","*","*","*","*","*"
"Trophon","leptocharteres","Trophon1.lep.jpg","Trophon leptocharteres ","None","Stefan Hain","None","South Orkney I. (Scotia arc)","*","Stefan Hain","*","*","*","*","*","*"
"Trophon","nucelliformis","Trophon1.nuc.jpg","Trophon nucelliformis","None","Stefan Hain","None","South Orkney I. (Scotia arc)","*","Stefan Hain","*","*","*","*","*","*"
"Trophon","scotianus","Trophon1.sco.jpg","Trophon scotianus","None","BAS","None","South Georgia","*","Katrin Linse","*","*","*","*","*","*"
"Trophon","shakletoni ","Trophon1.sha.jpg","Trophon shakletoni ","None","Stefan Hain","None","South Orkney I. (Scotia arc)","*","Stefan Hain","*","*","*","*","*","*"
"Trophon","sp.","Trophon1.sp.jpg","Trophon shakletoni ","None","BAS","None","*","*","Katrin Linse","*","*","*","*","*","*"
"Venustrochus ","georgianus","Venustrochus1.jpg","Venustrochus georgianus ","None","David Barnes","None","Shag Rocks (Scotia arc)","*","Katrin Linse","*","*","*","*","*","*"
"Venustrochus ","georgianus","Venustrochus2.jpg","Venustrochus georgianus ","None","BAS","None","South Georgia","*","Katrin Linse","*","*","*","*","*","*"
"Yoldia ","eightsi","Yoldia1.jpg","Yoldia eightsi ","Burrowing","Stefan Hain","None","South Orkney I. (Scotia arc)","*","Stefan Hain","*","*","*","*","*","*"
"Yoldia ","eightsi","Yoldia2.jpg","Yoldia eightsi ","Showing foot and siphon","David Barnes","None","Ryder Bay (WAP)","*","Katrin Linse","*","*","*","*","*","*"
